moveName	plnCmd	numCmd	ezCmd	cmnName	scKey	startup	active	recovery	total	onHit	onPC	onBlock	DRoH	DRoB	afterDRoH	afterDRoB	onPP	dmg	chp	dmgScaling	hcWinSpCa	hcWinTc	hcWinNotes	hitstun	blockstun	hitstop	jugLimit	jugIncr	jugStart	DDoH	DDoB	DGain	SelfSoH	SelfSoB	OppSoH	OppSoB	stun	atkLvl	xx	airmove	followUp	projectile	extraInfo	meterGain	moveType	moveMotion	moveButton	chargeDirection	nonHittingMove	antiAirMove	movesList	i
Stand LP	LP	5LP	L			4	3	10	16	4	8	-1	5	0			-11	300		20% Start	13			17	12	9				2000	500	250	300	150	210	75		H	["ch", "sp", "su"]				["Chains into stand LP / crouch LP / crouch LK", "Manon's main light combo tool since it combos naturally into QCB+LK/MK enders", "Incurs 20% damage scaling penalty if used as the first hit of a combo"]		normal	N	LP					1
Stand MP	MP	5MP	M			7	4	15	25	2	6	-2	11	7			-17	600			16	15		21	17	11				4000	3000	1500	500	250	350	125		H	["sp", "su", "tc"]				["Forward moving fully cancelable medium that also goes into Manon's MP>MK target combo to get her main mixup game going", "Good oki tool due to its many active frames", "Punish Counter changes the properties of her target combo follow-ups", "Effective as a Drive Rush check with its forward movement and counter-hit combo into LP Hitgrab for a medal"]		normal	N	MP					2
Stand HP	HP	5HP	H			10	4	20	33	0	4	-3					-22	800			*18	29	*Super only	24	21	13				10000	6000	3000	1000	500	700	250		H	["su", "tc"]				["Basically just a slower but better version of her stand MP with better damage, range, hitboxes, and target combo follow-up", "Cancelable into all Super Arts", "Puts airborne opponents into a limited juggle state on hit (HP follow-up pulls the opponent in with an air reset)", "Punish Counter changes the properties of her target combo follow-ups"]		normal	N	HP					3
Stand LK	LK	5LK	Auto L			5	2	12	18	2	6	-2	6	2			-12	300		20% Start	12			16	12	9				2000	500	250	300	150	210	75		H	["sp", "su"]				["Pretty decent range light button", "Incurs 20% damage scaling penalty if used as the first hit of a combo"]		normal	N	LK					4
Stand MK	MK	5MK	Auto M			10	3	18	30	-2	2	-5	7	4			-19	600			18			19	16	11				4000	3000	1500	700	350	490	175		H	["sp", "su"]				["Not a low attack but is fully cancelable", "Manon lifts up her front leg hurtbox on frames 9-12 (mostly during active frames) along with great hitbox priority making this a great tool against low attacks"]		normal	N	MK					5
Stand HK	HK	5HK	~			15	3	26(23)	43(40)	1	17	-6					-27	900						27	23	13				10000	6000	3000	1000	500	700	250		H	-				["Very far range poke and punish tool (about 40% screen range) that combos into her LK/MK Dégagé (qcb+LK/MK) on Punish Counter even from max range", "3F less recovery (23F) on HIT only", "Puts airborne opponents into a free juggle state on Punish Counter", "The brief extended leg hurtbox on frame 14 of start-up (1F before active) is strike invincible (cannot counter-poke projectiles)"]		normal	N	HK					6
Crouch LP	d+LP	2LP	d+L (chain)			4	2	11	16	3	7	-2	6	1			-11	300		20% Start	12			16	11	9				2000	500	250	300	150	210	75		H	["ch", "sp", "su"]				["Chains into stand LP / crouch LP / crouch LK", "True blockstring when chained into crouch LP or stand LP", "Incurs 20% damage scaling penalty if used as the first hit of a combo", "Topmost hurtboxes on frames 1-5 are vulnerable only to airborne attacks (this is to discourage its use as an anti-air)"]		normal	D	LP					7
Crouch MP	d+MP	2MP	~			7	3	11(15)	20(24)	6	10	-1	10	3			-12	600			15			20	13	11				4000	3000	1500	500	250	350	125		H	["sp", "su"]				["+4F extra recovery frames (15F) on whiff only", "Manon's main combo starter along with back HP"]		normal	D	MP					8
Crouch HP	d+HP	2HP	d+H			10	5	21	35	-2	2	-8					-24	600				23		24	18	11				10000	6000	3000	1000	500	700	250		H	["tc"]				["Manon's extended arm and head hurtbox are invincible to airborne strikes on frames 7-34", "Great anti-air tool with a built-in target combo follow-up for a KD that leaves the opponent up next to Manon for some oki"]		normal	D	HP					9
Crouch LK	d+LK	2LK	d+L			5	2	13	19	-1	3	-3					-13	200		20% Start				14	12	9				2000	500	250	300	150	210	75		L	["ch"]				["Chains into stand LP / crouch LP / crouch LK", "Incurs 20% damage scaling penalty if used as the first hit of a combo", "Less pushback on hit/block compared to other light normals"]		normal	D	LK					10
Crouch MK	d+MK	2MK	d+M			8	4	16	27	3	7	-2					-18	600		20% Start				23	18	11				6000	4000	2000	600	300	420	150		L	-				["A good range low poke with a ton of pushback on hit and block", "Incurs 20% damage scaling penalty if used as the first hit of a combo"]		normal	D	MK					11
Crouch HK	d+HK	2HK	df+H			11	2	27	39	KD +29	HKD +44	-12					-27	900							17	13				10000	4000	3000	1000	500	700	250		L	-				["Standard sweep with huge range and good hitbox priority", "Manon shifts forward a lot during start-up, which can push her hurtbox into a counter-poke"]		normal	D	HK					12
Jump LP	u+LP	8LP	u+L			5	10	~	~	~	~	~						300						13	9	9				2000	1500	500	300	150	210	75		M	-	true					normal	U	LP					13
Jump MP	u+MP	8MP	u+M			8	4	~	~	~ (KD)	~ (KD)	~						700						15	11	11				4000	2500	1000	500	250	350	125		M	-	true			["Fantastic air-to-air hitboxes", "Puts airborne opponents into a limited juggle state", "Projectile invincible on her lower body on frames 8-22 (can help Manon avoid projectiles below)", "Shifts the normal jumping hurtbox upward during start-up (helps with avoiding some attacks)"]		normal	U	MP					14
Jump HP	u+HP	8HP	u+Auto H			9	4	~	~	~ (KD)	~ (KD)	~						800						19	15	13				5000	4000	2000	1000	500	700	250		M	-	true			["Spikes down airborne opponents on hit"]		normal	U	HP					15
Jump LK	u+LK	8LK	u+Auto L			6	9	~	~	~	~	~						300						14	10	9				2000	1500	500	300	150	210	75		M	-	true			["Cross-up", "Can be used as a fuzzy instant Overhead after a deep jump-in Heavy (or jump-in Mediums in Burnout as well)"]		normal	U	LK					16
Jump MK	u+MK	8MK	u+Auto M			7	6	~	~	~	~	~						500						17	13	11				4000	2500	1000	500	250	350	125		M	-	true			["Cross-up", "Shifts the normal jumping hurtbox upward during start-up (helps with avoiding some attacks)"]		normal	U	MK					17
Jump HK	u+HK	8HK	u+H			11	5	~	~	~	~	~						800						19	15	13				5000	4000	2000	1000	500	700	250		M	-	true			["Very strong jump-in hitboxes (Manon's best jump-in button)"]		normal	U	HK					18
Révérence	b+HP	4HP	b+H / Auto H	Palm Strike		8	6	17	30	3	7	1	16	14			-21	800			22			26	24	13				8000	5000	2000	1000	500	700	250		H	["sp", "su"]				["Manon's main combo tool", "Very strong tool for pressure and oki", "Puts airborne opponents into a limited juggle state"]		normal	B	HP				Command Normal	19
Tomoe Derrière	df+HK	3HK	~	Bicycle Kick		11	9	32	51	KD +26	HKD +36	-23					-39	1000							18	12				10000	6000	3000	500	250	350	125		H	-				["Not a low attack (despite looking like a slide)", "Manon's kicking leg is invincible to airborne strikes on frames 9-19", "Strong vertical anti-air and juggle tool", "Can hit cross-up (behind Manon)", "Manon kicks airborne opponents back over her to the other side (air reset)", "Knocks down grounded opponents on hit", "Punish Counter: Manon kicks the opponent back over her and scores a Hard Knockdown (HKD) for follow-up oki", "Only first active frame hits grounded opponents (mostly used against airborne opponents)"]		normal	DF	HK				Command Normal	20
Back MK	b+MK	4MK	b+M	b+MK		10	4	19	32	-1	3	-3					-21	600				20(*28)	*total cancel window	22	20	11				4000	4000	2000	700	350	490	175		H	["tc"]				["Fantastic anti-air tool against horizontal and vertical approaches (but cannot hit cross-up behind Manon)", "Puts airborne opponents into a limited juggle state", "Cancelable into an Overhead target combo follow-up (MK) on frames 17-25 (does not combo naturally if the cancel is delayed at all)"]		normal	B	MK				Command Normal	21
En Haut	b+MK > MK	4MK > MK	b+M > M	Overhead Target Combo		10+14 {14}	4*5 {5}	21	39	-3	1	-11	11	3			-24	1100 (600*500) {500}			49(*17)	*2nd hit only		23	15	11				4000	4000*2500 (6500)	2000*1000 (3000)	700*700 (1400)	350*350 (700)	490*490 (980)	175*175 (350)		M	["sp", "su"]		true		["Overhead string that's also fully cancelable (very rare in Street Fighter)", "Forces crouch on hit", "Puts airborne opponents into a limited OTG juggle state", "Combos naturally if this Overhead follow-up is not delayed at all", "2F gap on block that can be made bigger by manually delaying this overhead follow-up (various frametrap scenarios)"]		normal	N	MK				Target Combo	22
À Terre	MP > MK	5MP > MK	M > M	Medium Target Combo		7+10 {10}	4*2 {2}	17	28	2	6 / HKD +32	-5						1100 (600*500) {500}						21	14	11 (PC 14)				4000	3000*2500 (5500)	1500*2500 (4000)	500*700 (1200)	250*350 (600)	350*490 (840)	125*175 (300)		H	-		true		["Pulls the opponent up close to Manon for a +2 mixup situation on hit", "The initial stand MP can be canceled into this MK follow-up on frames 12-14 (15F hit confirm window if you factor in the 12F hitstop of stand MP)", "Grants a Hard Knockdown (+32) after Punish Counter stand MP that grants strong oki anywhere on the screen"]		normal	N	MK				Target Combo	23
Temps Lié	HP > HP	5HP > HP	H > H	Heavy Target Combo		10+5 {5}	4*2 {2}	20(22)	26(28)	3	7 / KD +48	-8						1400 (800*600) {600}		Combo (2 hits)				25	16	13 (PC 15)				7000	6000*5000 (11000)	3000*2000 (5000)	1000*1000 (2000)	500*500 (1000)	700*700 (1400)	250*250 (500)		H	-		true		["+2F extra recovery frames (22F) on block only", "Pulls the opponent up close to Manon for a +3 mixup situation on hit (much easier to hit confirm this one than the MP>MK target combo)", "First HP hit puts airborne opponents into a limited juggle state on hit (then the HP follow-up pulls the opponent in with an air reset)", "The initial stand HP can be canceled into this HP follow-up on frames 18-25 (28F hit confirm window if you factor in the 13F hitstop of stand HP)", "Puts opponent into a limited juggle state when landed after Punish Counter stand HP (KD +48)", "This juggled hit counts as 2 hits for damage scaling"]		normal	N	HP				Target Combo	24
Allongé	d+HP > HP	2HP > HP	d+H > H	Anti Air Target Combo		10*4 {4}	5*4 {4}	26	33	1 (KD ~)	5	-10						1100 (600*500) {500}						31	20	13				7000	6000*5000 (11000)	3000*2000 (5000)	1000*1000 (2000)	500*500 (1000)	700*700 (1400)	250*250 (500)		H	-		true		["Spikes down airborne opponents into a +17~19 Knockdown state (higher KDA the higher in the air the opponent is when pulled down)"]		normal	N	HP				Target Combo	25
Ouchi Gari	LP+LK	LPLK	L+M	Throw		5	3	23	30	KD +16	HKD +16	~						1200(2040)		20% Immediate										(10000)		2000	2000(4000)		1400(2800)			T					["Throw Loop: Manually time throw on their wake-up (not possible on mid-screen back-roll)", "Gets +70% damage increase (2040 damage), HKD (denies back-roll option on wake-up), and depletes 1 bar of Drive Gauge on a Punish Counter"]		throw	N	LPLK				Normal Throw	26
Uchi Mata	b+LP+LK	4LPLK	b+L+M	Back Throw		5	3	23	30	KD +18	HKD +18	~						1200(2040)		20% Immediate										(10000)		2000	2000(4000)		1400(2800)			T					["Basic meaties but no meaty throw (unless this connects when Manon is cornered)", "Gets +70% damage increase (2040 damage), HKD (denies back-roll option on wake-up), and depletes 1 bar of Drive Gauge on a Punish Counter"]		throw	B	LPLK				Normal Throw	27
Drive Impact: Glissade	HP+HK	HPHK	DI	Drive Impact		26	2	35	62	KD (notes)	Crumple +104	-3					-35	800	200	20% Start					34		0	1	0 (Crumple: -1)	10000(15000)	5000	-10000	(3000)		(2100)			H	-				["2 hits of armor on frames 1-27", "Damages opponents Drive Gauge on Block (1/2 bar) | Hit (1 bar) | Counter-Hit (1.25 bar) | Punish Counter (1.5 bar)", "Knocks down on hit", "Crumples on Punish Counter or after absorbing at least 1 attack during start-up (+21 frames before the crumple state goes airborne, followed by airborne state on frames 22-46 before they are grounded) which counts as 2 hits of damage scaling", "If the armor absorbs an attack it slows the overall start-up by 1F (27F total instead of 26F)", "Pushes the opponent far back on hit or block and causes a wall splat if they hit the wall", "Wall Splat on block adds 20% damage penalty on the next hit", "Wall splats on hit or during Burnout counts as 2 hits of damage scaling", "Wall Splat puts opponent into a special juggle state where the next move juggles them even if it doesn't normally (similar juggle rules as from Drive Rush)", "Does not cause wall splat if combo'd into from other moves or unblockable setups (Lock)", "Puts airborne opponents into a long spinning free juggle state when hit as a Punish Counter", "Regular KDA without a Wall Splat: +35 KD", "Corner wall splat on HIT: +65 KD | Block: +72 HKD", "KDA can vary greatly depending on how high the opponent wall splats (higher KDA the higher they wall splat)", "Can clash with other Drive Impacts if they collide on the same active frame (start at exactly the same time)", "Costs 1 bar of Drive Gauge", "The scrub killer"]		drive	N	HPHK					28
Drive Reversal: Écarté	f+HP+HK	6HPHK	f+DI	Drive Reversal		20(18)	3	26	48(46)	KD +23	KD +23	-6					-27	500	125						21	20	1	100	200			-20000						H	-				["Fully invincible on frames 1-22 (frames 1-20 when used on wake-up as a Reversal)", "Armor Break (blows through all armor like Drive Impact)", "Can be performed during blockstun or from a successful parry (trying to Drive Reversal after the blockstun is over will result in a Drive Impact)", "Can also be performed during wake-up as a Reversal, doing it this way speeds up the start-up frames by 2 frames (18F start-up instead of 20F)", "Drive Reversal immediately removes the current blockstun you're in and starts the attack", "Causes a 4F screen freeze that occurs after the 6th start-up frame, which can mess up the opponents input timing, or enable them to do a simple input OS to counter the Drive Reversal", "Safe on block (-2) when used against an opponent currently in Burnout", "Costs 2 bars of Drive Gauge"]		drive	F	HPHK					29
Drive Parry	MP+MK	MPMK	DP	Drive Parry		1	12(2)	33(1)notes	45(3)	~	~	~								50% Multiplier (Perfect)																			-				["Parries all strikes and projectiles (high and low) from frame 1", "12F parry window (can hold the parry to extend the parry window)", "Perfect Parry occurs on the first 2 active frames (cannot achieve Perfect Parry if you buffer into parry by holding it during Reversal windows; Perfect Parries have to be timed properly)", "Can still hold charge directions during Parry", "Can block during the recovery frames of a regular parry (can still get hit during the recovery frames if you don't block correctly)", "Getting thrown or hit at any point during the recovery frames of a whiffed parry attempt results in a Punish Counter", "Successfully parrying a move puts you into the same amount of blockstun as that move would regularly do on block (but a Perfect Parry has only 1F of recovery)", "Throw invincible during the recovery of a successful parry (just like during blockstun)", "Perfect Parrying a strike has only 1F of recovery and disables the opponent from canceling their attack (basically a guaranteed punish opportunity)", "After a successful Perfect Parry, you suffer a 50% penalty to your Damage, Drive Gauge Generation, and Drive Gauge Damage on any of your following attacks when punishing the opponent (in addition, both you and the opponent suffer a 20% penalty to their Super Meter gain during this period)", "Fully invincible for 6F after a successful Perfect Parry against a strike, during which period you can cancel into anything you want and it carries over the brief invincibility frames", "Perfect Parrying projectiles puts you into fixed 10 frames of recovery and applies the same 50% scaling penalties (and 20% Super Meter penalty) on your following attacks when punishing the opponent", "Parrying a Strike and Projectile on the same frame will result in a regular parry for the strike attack (effectively ignoring the projectile's hitstop / blockstun)", "Perfect Parrying a Strike and Projectile on the same frame will give a screen freeze like you Perfect Parried a Strike, but still give you 10F recovery as if you had Perfect Parried a Projectile", "Can cancel into Drive Rush during active frames 3 and onward (fastest Drive Rush method is to buffer a forward input before doing parry + forward again)", "Can cancel into Drive Reversal from a successful parry (just like you can normally during blockstun)", "Costs 1/2 bar Drive Gauge (continues to deplete Drive Gauge as you hold the Parry)", "You lose the parry if you go into Burnout from the Drive Gauge cost", "Rewards 1 bar Drive Gauge (1/2 bar total after factoring in the initial parry cost) for successfully parrying a strike", "Rewards 1/2 bar of Drive Gauge (0 bar total after factoring in the initial parry cost) for successfully parrying a projectile", "Rewards 2 bars of Drive Gauge (1.5 bars total after factoring in the initial parry cost) for successful parrying a Drive Impact", "Successfully parrying a strike attack splits the regular block pushback between both players (while Perfect Parrying a strike removes all of its pushback)", "Successfully parrying a projectile or Drive Impact reduces the pushback of it by half (while Perfect Parrying a projectile or Drive Impact removes all of its pushback)", "Your hurtbox and throw box expand slightly towards the opponent for the entire duration of the Parry (Throw box extension starts instantly on frame 1, while the Hurtbox extension starts on frame 3, after the initial 2F Perfect Parry window)", "Parrying while crouching maintains a regular crouch hurtbox for the first 2 frames of the parry (during the initial Perfect Parry window)"]		drive	N	MPMK		true			30
Drive Rush	MP+MK / f,f (cancel)	MPMK / 66 (cancel)	DP / f,f (cancel)	Drive Rush		9(11)	45(46)	24(23)	24(23)	~	~	~								15% Multiplier (Mid-Combo)																			-				["Dashes forward and enhances the next normal used out of the Drive Rush with +4 extra hitstun / blockstun (some moves also get unique properties enhanced such as juggle state)", "The +4 bonus frame advantage gained from a Drive Rush enhanced move also stacks with any bonus frame advantage that move may have gained from Counter-Hit or Punish Counter", "Cancelable into from special cancelable grounded normals", "Drive Rush maintains buffers (freezes the buffer window) during it start-up and freeze frames - This allows players to do things normally not possible within the normal buffer windows, such as Drive Rushing into a charge special", "The initial screen freeze eats the opponent's directional inputs (including Jumps) but does not prevent attacks from being buffered immediately afterward (this can cause inputs to be combined in unintended ways, such as 2MK + Fireball performing a raw Fireball)", "Framedata shown in parentheses refers to the Drive Rush version used from a Parry", "Drive Rush recovery frames is only 24F total (23F if done from a Parry) - but the enhanced dash itself is 46F total (45F if done from Parry) and you can cancel it as early as frame 9 (frame 11 if done from a Parry)", "You stop building any form of Drive Gauge on your attacks after using a Drive Rush in the MIDDLE of a combo (but you still continue to build drive gauge as normal if you did Drive Rush at the START of a combo)", "Applies extra damage scaling penalty after using a Drive Rush in the MIDDLE of a combo (no damage scaling if you use Drive Rush at the START of a combo)", "Costs 3 bars of Drive Gauge if canceled into from a move", "Costs 1/2 bar of Drive Gauge if canceled into from Parry (for a total of 1 bar of Drive Gauge when you factor in the initial 1/2 bar cost of the Parry)"]		drive	F, F			true			31
Taunt	PPP+KKK	5PPPKKK	LMH+SP+DP+Auto	Taunt																																									taunt	N	3P3K		true			32
LP Manège Doré	hcb+LP	624LP	hcb+L	LP Command Grab		10	2	49	60	HKD +19	HKD +19	~						2000-3700												10000		5000	3000~5000		2100~3500			T	-				["Range: 1.53", "Furthest range (but slowest start-up) of her command grabs", "Cannot be special canceled into", "Increases Manon's Medal Level by +1 on hit", "Damage and Super Gain increases with each Medal Level", "Medal Level 1: 2000 damage / 3000 Super Gain", "Medal Level 2: 2300 damage / 3000 Super Gain", "Medal Level 3: 2700 damage / 4000 Super Gain", "Medal Level 4: 3000 damage / 4000 Super Gain", "Medal Level 5: 3700 damage / 5000 Super Gain"]		special	HCB	LP				Special	33
MP Manège Doré	hcb+MP	624MP	hcb+M	MP Command Grab		8	2	51	60	HKD +19	HKD +19	~						2000-3700												10000		5000	3000~5000		2100~3500			T	-				["Range: 1.37", "Medium range (and medium start-up) of her command grabs", "Cannot be special canceled into", "Increases Manon's Medal Level by +1 on hit", "Damage and Super Gain increases with each Medal Level", "Medal Level 1: 2000 damage / 3000 Super Gain", "Medal Level 2: 2300 damage / 3000 Super Gain", "Medal Level 3: 2700 damage / 4000 Super Gain", "Medal Level 4: 3000 damage / 4000 Super Gain", "Medal Level 5: 3700 damage / 5000 Super Gain"]		special	HCB	MP					34
HP Manège Doré	hcb+HP	624HP	SP / hcb+H	HP Command Grab		5	2	54	60	HKD +19	HKD +19	~						2000-3700												10000		5000	3000~5000		2100~3500			T	-				["Range: 1.14", "Shortest range (but fastest start-up) of her command grabs", "Cannot be special canceled into", "Increases Manon's Medal Level by +1 on hit", "Damage and Super Gain increases with each Medal Level", "Medal Level 1: 2000 damage / 3000 Super Gain", "Medal Level 2: 2300 damage / 3000 Super Gain", "Medal Level 3: 2700 damage / 4000 Super Gain", "Medal Level 4: 3000 damage / 4000 Super Gain", "Medal Level 5: 3700 damage / 5000 Super Gain"]		special	HCB	HP					35
OD Manège Doré	hcb+PP	624PP	Auto SP / hcb+AA	OD Command Grab		8	2	51	60	HKD +19	HKD +19	~						2000-3700												10000		-20000	3000~5000		2100~3500			T	-				["Range: 1.52", "Has similar range to LP version but with the start-up on MP version", "Cannot be special canceled into", "Increases Manon's Medal Level by +1 on hit", "Damage and Super Gain increases with each Medal Level", "Medal Level 1: 2000 damage / 3000 Super Gain", "Medal Level 2: 2300 damage / 3000 Super Gain", "Medal Level 3: 2700 damage / 4000 Super Gain", "Medal Level 4: 3000 damage / 4000 Super Gain", "Medal Level 5: 3700 damage / 5000 Super Gain"]		special	HCB	2P					36
LK Rond-point	qcf+LK	236LK	qcf+L	LK Launch Kick		9	3(2)2	29	44	3	7	-15					-34(-29)	900 (400*500)	225 (100*125)		23 / *12		*2nd hit into SA3 (usually whiffs)	24*34 (39 total)	14*16 (21 total)	6*8				4000	2000*2000 (4000)	1000*1000 (2000)	600*750 (1350)	300*375 (675)	420*525 (945)	150*187 (337)		H	["su3"]				["Invincible to airborne strikes on upper body and extended leg on frames 5-15", "Very strong anti-air tool", "Cannot hit cross-up (behind Manon)", "Launches airborne opponents into a limited juggle state", "Only the second hit is cancelable", "SA3 cancel usually cannot reach at longer ranges when the first hit whiffs", "The opponent is left too far away on hit to push a strike/throw mixup"]		special	QCF	LK				Special	37
MK Rond-point	qcf+MK	236MK	f+SP / qcf+M	MK Launch Kick		11	3(3)3	27	46	KD +34	KD +34	-14					-28(-27)	1000 (400*600)	250 (100*150)		*13		*1st hit into SA3		22 total	6*8				4000	2000*2000 (4000)	1000*1000 (2000)	600*750 (1350)	300*375 (675)	420*525 (945)	150*187 (337)		H	["su3"]				["Invincible to airborne strikes on upper body and extended leg on frames 7-19", "Very strong anti-air tool", "Cannot hit cross-up (behind Manon)", "Launches the opponent into a limited juggle state on hit", "Only first hit is cancelable", "SA3 cancel only combos if this attack is absorbed by an armor"]		special	QCF	MK					38
HK Rond-point	qcf+HK	236HK	qcf+H	HK Launch Kick		14	3(3)3	22(24)	44(46)	KD +37	KD +37	-11					-25(-24)	800 (400*400)	200 (100*100)		*13		*1st hit into SA3		22 total	6*10				4000	2000*2000 (4000)	1000*1000 (2000)	600*750 (1350)	300*375 (675)	420*525 (945)	150*187 (337)		H	["su3"]				["Invincible to airborne strikes on upper body and extended leg on frames 9-22", "Very strong anti-air tool", "Cannot hit cross-up (behind Manon)", "Launches the opponent into a limited juggle state on hit", "The final 2F of recovery can be canceled into any special move or Super on hit only", "Only first hit is cancelable", "First hit can be canceled into SA3 for a grounded combo (with 15% damage scaling on the SA3)"]		special	QCF	HK					39
OD Rond-point	qcf+KK	236KK	f+Auto SP / qcf+AA	OD Launch Kick		8	4(2)3	25(30)	41(46)	KD +45	KD +45	-19					-31(-30)	800 (500*300)	200 (100*100)		28 / 15		*both hits / 1st hit into SA3		20 total	8(10)*10				4000	2000*2000 (4000)	-20000	600*750 (1350)	300*375 (675)	420*525 (945)	150*187 (337)		H	["su2", "su3"]				["Invincible to airborne strikes on frames 4-16", "Incredibly strong anti-air tool", "Cannot hit cross-up (behind Manon)", "Launches the opponent into a limited juggle state on hit", "Both hits cancelable into SA2/SA3", "First hit can be canceled into SA3 for a grounded combo (with 15% damage scaling on the SA3)", "The final 5F of recovery can be canceled into any special move or Super on hit only", "Second hit does 400 damage by itself (instead of just 300) if the first hit whiffs"]		special	QCF	2K					40
LK Dégagé	qcb+LK	214LK	b+SP / qcb+A	LK Ballerina Kicks		16	2(10)4	36	67	KD +21	KD +21	-24					-38	1000 (300*700)	250 (75*175)						28(16)	2*11				4000*4000 (8000)	2000*2000 (4000)	500*1000 (1500)	400*400 (800)	200*200 (400)	280*280 (560)	100*100 (200)		L	-				["Very far range and fast low hitting sweep (jump scare Low)", "Leaves the opponent close for oki follow-ups even when mid-screen"]		special	QCB	LK				Special	41
MK Dégagé	qcb+MK	214MK	~	MK Ballerina Kicks		16	4(14)6	22	61	KD +33	KD +33	-13					-26	1200 (400*800)	300 (100*200)						33(15)	8*12				4000*4000 (8000)	2500*2500 (5000)	1000*1000 (2000)	400*400 (800)	200*200 (400)	280*280 (560)	100*100 (200)		H	-				["Airborne on frames 15-39 (Forced Knockdown state)", "Very far range combo / punish tool that sets up Manon's mixup game in the corner"]		special	QCB	MK					42
HK Dégagé	qcb+HK	214HK	~	HK Ballerina Kicks		20(21)	3(2)	24	46	3	7	-9					-24	1000	250					29	17	13				5000	4000	3000	800	400	560	200		M	-				["Overhead", "Forces crouch on hit", "Low crushes (but not actually airborne) on frames 9-19", "First active frame cannot hit grounded opponents (effectively 21F start-up against grounded)"]		special	QCB	HK					43
OD Dégagé	qcb+KK	214KK	b+Auto SP	OD Ballerina Kicks		22(23)	3	22	46	6(7)	10(11)	-3					-23(-22)	800	200	20% Start				31	22(21)	13				5000	4000	-20000	800	400	560	200		M	-				["Overhead", "Throw invincible on frames 11-24", "Airborne on frames 9-21", "Doesn't hit crouching opponents until the second active frame which grants Manon +1 extra frame advantage (+7 oH / -2 oB) which allows her to combo into her Medium Punches or SA2"]		special	QCB	2K					44
LP Renversé	qcf+LP	236LP	d+SP	LP Twirl Grab		22	2	37	60	HKD +15	HKD +15	-23					-37	1350-1950	13		13			20 (1st)	16	5(10)				8000	2000	1000*2000 (3000)	150*2000~4000 (2150~4150)	75	105*1400~2800 (1505~2905)	37		H	["su3"]				["Projectile invincible on frames 3-21", "Increases Manon's Medal Level by +1 on hit", "Strike throw (can be blocked and combo'd into)", "Damage and Super Gain increases with each Medal Level", "Medal Level 1: 1350 damage / 2150 Super Gain", "Medal Level 2: 1500 damage / 2150 Super Gain", "Medal Level 3: 1650 damage / 3150 Super Gain", "Medal Level 4: 1800 damage / 3150 Super Gain", "Medal Level 5: 1950 damage / 4150 Super Gain", "Initial hit deals 50 damage and restands the opponent (useful for SA3 cancels)"]		special	QCF	LP				Special	45
MP Renversé	qcf+MP	236MP	~	MP Twirl Grab		25	2	34	60	HKD +15	HKD +15	-20					-34	1400-2000	25		13			20 (1st)	16	5(10)				8000	2000	1000*2000 (3000)	150*2000~4000 (2150~4150)	75	105*1400~2800 (1505~2905)	37		H	["su3"]				["Projectile invincible on frames 3-24", "Increases Manon's Medal Level by +1 on hit", "Strike throw (can be blocked and combo'd into)", "Damage and Super Gain increases with each Medal Level", "Medal Level 1: 1400 damage / 2150 Super Gain", "Medal Level 2: 1550 damage / 2150 Super Gain", "Medal Level 3: 1700 damage / 3150 Super Gain", "Medal Level 4: 1850 damage / 3150 Super Gain", "Medal Level 5: 2000 damage / 4150 Super Gain", "Initial hit deals 100 damage and restands the opponent (useful for SA3 cancels)"]		special	QCF	MP					46
HP Renversé	qcf+HP	236HP	~	HP Twirl Grab		29	2	30	60	HKD +15	HKD +15	-16					-30	1500-2100	50		13			20 (1st)	16	5(10)				8000	2000	1000*2000 (3000)	150*2000~4000 (2150~4150)	75	105*1400~2800 (1505~2905)	37		H	["su3"]				["Projectile invincible on frames 3-28", "Increases Manon's Medal Level by +1 on hit", "Strike throw (can be blocked and combo'd into)", "Damage and Super Gain increases with each Medal Level", "Medal Level 1: 1500 damage / 2150 Super Gain", "Medal Level 2: 1650 damage / 2150 Super Gain", "Medal Level 3: 1800 damage / 3150 Super Gain", "Medal Level 4: 1950 damage / 3150 Super Gain", "Medal Level 5: 2100 damage / 4150 Super Gain", "Initial hit deals 200 damage and restands the opponent (useful for SA3 cancels)"]		special	QCF	HP					47
OD Renversé	qcf+PP	236PP	d+Auto SP	OD Twirl Grab		25	2	34	60	HKD +15	HKD +15	-20					-34	1500-2100	50					20 (1st)	16	7				8000	2000	-20000	150*2000~4000 (2150~4150)	75	105*1400~2800 (1505~2905)	37		H	-				["Fully projectile invincible as well as Strike invincible on all body except her feet (susceptible to low attacks) on frames 3-26", "Increases Manon's Medal Level by +1 on hit", "Strike throw (can be blocked and combo'd into)", "Damage and Super Gain increases with each Medal Level", "Medal Level 1: 1500 damage / 2150 Super Gain", "Medal Level 2: 1650 damage / 2150 Super Gain", "Medal Level 3: 1800 damage / 3150 Super Gain", "Medal Level 4: 1950 damage / 3150 Super Gain", "Medal Level 5: 2100 damage / 4150 Super Gain", "Initial hit deals 200 damage", "When this move lands in the corner, it leaves Manon a lot closer to the opponent for oki than the non-OD versions or any of her command grabs"]		special	QCF	2P					48
Grand Fouetté	qcf+P > K	236P > K	d+SP > M	Twirl Kick		16(18)+10	6	22	37	KD +51	KD +55	-5					-26	800	200	10% Immediate / 10% Start (applies to 3rd hit)	22				23	13				10000	5000	2500	1150	575	805	287		H	["su3"]		true		["The start-up frames the spin is cancelable into the kick follow-up from depends on the spin version (LP: frames 16-20 | MP: frames 17-21 | HP: frames 18-22)", "Projectile invincible during the spin on frames 3-16 (up to frame 22 if the Kick follow-up is delayed on HP Spin)", "Launches opponent into a limited juggle state (free juggle state and +4 extra KDA on Punish Counter)", "Due to huge range this move can easily be safe on block and can also be further spaced out to hit on later active frames for better frame advantage on hit/block/punish/parry", "Incurs 10% damage scaling onto itself when combo'd into, as well as 10% damage scaling onto the 3rd hit when this move is used as the first hit of a combo"]		special	N	1K				Special	49
Renversé Feint	qcf+P (hold)	236P (hold)	d+SP > L (hold)	Twirl Feint		~	~	31(33)	31(33)	~	~	~																											-				["Distance traveled, Projectile invincibility window, and overall duration of feint depends on the strength of button used", "LP Feint: Projectile invincible on frames 3-15 | 31F total | 0.85 distance", "MP Feint: Projectile invincible on frames 3-16 | 32F total | 1.10 distance", "HP Feint: Projectile invincible on frames 3-17 | 33F total | 1.14 distance"]		special	QCF	1P	R	true		Special	50
OD Grand Fouetté	qcf+PP > K	236PP > K	d+Auto SP > M	OD Twirl Kick		15+10	6	22	38	KD +58	KD +58	-12					-26	800	200	10% Immediate / 10% Start (applies to 3rd hit)	22				16	13(15)				5000	4000	-20000	1150	575	805	287		H	["su2", "su3"]		true		["The OD spin is cancelable into the follow-up kick on frames 15-19", "Fully projectile invincible as well as Strike invincible on all body except her feet during the spin on frames 3-15 (up to frame 19 if the Kick follow-up is delayed)", "Launches opponent into a free juggle state on hit", "Due to huge range this move can be made safe on block and can also be further spaced out to hit on later active frames for better frame advantage on hit/block/punish/parry", "Incurs 10% damage scaling onto itself when combo'd into, as well as 10% damage scaling onto the 3rd hit when this move is used as the first hit of a combo"]		special	N	1K				Special	51
OD Renversé Feint	qcf+PP (hold)	236PP (hold)	d+Auto SP > L (hold)	OD Twirl Feint		~	~	32	32	~	~	~																				-20000							-				["Fully projectile invincible as well as Strike invincible on all body except her feet (susceptible to low attacks) on frames 3-16", "Distance traveled during feint: 1.23 (slightly further than the MP/HP versions)"]		special	QCF	2P	R	true		Special	52
Arabesque	qcf,qcf+K	236236K	SP+H or f+SP+H / qcf,qcf+L	Super Art Level 1		10	4	65	78	KD +7	KD +7	-49					-67	2000	500	30% Minimum					20	7(10)				5000	2500		-10000	-10000				L	-				["Strike and Throw invincible on frames 1-13", "Armor Break", "Low attack", "Depletes 0.5 Drive Bar on hit for the opponent", "Can switch sides with the opponent on hit"]		super	DQCF	1K				Super	53
Étoile	qcb,qcb+K	214214K	b+SP+H / qcb,qcb+M	Super Art Level 2		7	3(11)6(45)9	38+34	152	KD +32	KD +32	-61(-118)					-79(-130)	2800	750*125	40% Minimum					28*20	5*5*5*5*18 (2*5*5)				2000x5 (10000)	2500*2500*1000 (6000)		-20000	-20000				H	-				["Fully invincible on frames 1-9", "Armor Break", "Airborne on frames 21-36 and again on frames 68-118 (Forced Knockdown state while airborne)", "Depletes 1 Drive Bar on hit for the opponent", "The final leaping kick whiffs on crouch blocking opponents"]		super	DQCB	1K				Super	54
Pas de Deux	qcf,qcf+P	236236P	d+SP+H / qcf,qcf+H	Super Art Level 3		6+1	2	72	80	HKD +16	HKD +16	~						4000(4600)		50% Minimum / 5% Immediate (special)										15000			-30000					T	-				["Fully invincible on frames 1-8", "Range: 1.46~1.49", "Command Grab which can be combo'd into with 5% additional damage scaling (15% damage scaling if combo'd into from QCF+HK)", "Depletes 1.5 Drive Bars on hit for the opponent", "Super cinematic time regenerates ~2.2 Drive Bars for Manon", "Damage increases with each Medal level", "Medal Level 1: 4000 damage", "Medal Level 2: 4100 damage", "Medal Level 3: 4200 damage", "Medal Level 4: 4400 damage", "Medal Level 5: 4600 damage"]		super	DQCF	1P				Super	55
Pas de Deux (Critical Art)	qcf,qcf+P (CA)	236236P (CA)	d+SP+H / qcf,qcf+H (CA)	Critical Art		6+1	2	72	80	HKD +16	HKD +16	~						4500(5100)		50% Minimum / 5% Immediate (special)										20000			-30000					T	-				["Fully invincible on frames 1-8", "Range: 1.46~1.49", "Command Grab which can be combo'd into with 5% additional damage scaling (15% damage scaling if combo'd into from QCF+HK)", "Critical Art does +500 extra damage over regular version", "Depletes 2 Drive Bars on hit for the opponent", "Super cinematic time regenerates ~2.4 Drive Bars for Manon", "Damage increases with each Medal level", "Medal Level 1: 4500 damage", "Medal Level 2: 4600 damage", "Medal Level 3: 4700 damage", "Medal Level 4: 4900 damage", "Medal Level 5: 5100 damage"]		super	DQCF	1P					56