moveName,plnCmd,numCmd,ezCmd,cmnName,scKey,startup,active,recovery,total,onHit,onPC,onBlock,DRoH,DRoB,afterDRoH,afterDRoB,onPP,SSoH,SSoB,dmg,chp,dmgScaling,hcWinSpCa,hcWinTc,hcWinNotes,hitstun,blockstun,hitstop,jugLimit,jugIncr,jugStart,DDoH,DDoB,DGain,SelfSoH,SelfSoB,OppSoH,OppSoB,atkLvl,xx,airmove,followUp,projectile,extraInfo,meterGain,moveType,moveMotion,moveButton,chargeDirection,nonHittingMove,antiAirMove,movesList,i
Stand LP,LP,5LP,L,,,4,3,7,13,5,9,-3,4(5),-4(-3),,,-8(-6),-1(0),-8(-9),300,,20% Start,13,,,15,7,9,,,,2000,500,250,300,150,210,75,H,"[""ch"", ""ss"", ""sp"", ""su""]",,,,"[""Chains into stand LP / crouch LP / crouch LK"", ""Combos naturally into stand MP"", ""Incurs 20% damage scaling penalty if used as the first hit of a combo"", ""Long range for a jab""]",,normal,N,LP,,,,,1
Stand MP,MP,5MP,M,,,5,4,10,18,6,10,1,8(10),3(5),,,-12(-9),3(5),-1(1),600,,,16,,,20,15,11,,,,4000,3000,1500,600,300,420,150,H,"[""ss"", ""sp"", ""su""]",,,,"[""Short range combo / frametrap tool""]",,normal,N,MP,,,,,2
Stand HP,HP,5HP,H,,,13,3,20,35,2,6,-3,,,,,-21(-19),6(-4),1(-9),800,,,19 (Stance),,,25,20,13,,,,8000,6000,4000,800,400,560,200,H,"[""ss""]",,,,"[""Amazing neutral / whiff punish tool"", ""Cancelable into Serenity Stream (Crouch Stance) and can perform stance follow-ups after 16F (much worse frame advantage noted in parantheses if you don't immediately do a follow-up from the stance)"", ""Winning footsies since 1992""]",,normal,N,HP,,,,,3
Stand LK,LK,5LK,Auto L,,,5,3,10,17,2,6,-2,4,0,,,-11(-9),0,-3,300,,20% Start,13,,,15,11,9,,,,2000,500,250,300,150,210,75,H,"[""ss"", ""sp"", ""su""]",,,,"[""Decent range combo tool"", ""Incurs 20% damage scaling penalty if used as the first hit of a combo""]",,normal,N,LK,,,,,4
Stand MK,MK,5MK,~,,,7,4,16,26,4,8,-2,14,8,,,-18(-15),9,4,500,,,16,,,24,18,11,,,,4000,3000,1500,700,350,490,175,H,"[""ss"", ""sp"", ""su""]",,,,"[""Cannot hit crouching"", ""Solid anti-air"", ""Cannot hit cross-up (behind Chun-Li)""]",,normal,N,MK,,,,,5
Stand HK,HK,5HK,~,,,14,3,18,34,4,8,0,,,,,-19(-17),10(-3),6(-7),900,,20% Start,18 (Stance),,,25,21,13,0,1,1 (Crumple: -1),10000,6000,3000,1000,500,700,250,H,"[""ss""]",,,,"[""Cannot hit crouching"", ""Mid range horizontal anti-air"", ""Extended leg and head hurtbox are invincible to airborne strikes on frames 14-16"", ""Cannot hit cross-up (behind Chun-Li)"", ""Puts airborne opponents into a limited juggle state on hit (free juggle state on Punish Counter)"", ""Incurs a 20% damage scaling penalty if used as the first hit of a combo"", ""Cancelable into Serenity Stream (Crouch Stance) with 12F start-up (much worse frame advantage noted in parantheses if you don't immediately do a follow-up from the stance)""]",,normal,N,HK,,,,,6
Crouch LP,d+LP,2LP,d+L (chain),,,4,3,7,13,4,8,-2,4,-2,,,-8(-6),-1,-6,300,,20% Start,13,,,14,8,9,,,,2000,500,250,300,150,210,75,H,"[""ch"", ""ss"", ""sp"", ""su""]",,,,"[""Chains into stand LP / crouch LP / crouch LK"", ""Incurs 20% damage scaling penalty if used as the first hit of a combo""]",,normal,D,LP,,,,,7
Crouch MP,d+MP,2MP,Auto M,,,6,4,13(14),22(23),4,8,-2,11,5,,,-15(-12),6,1,600,,,16,,,21,15,11,,,,4000,3000,1500,600,300,420,150,H,"[""ss"", ""sp"", ""su""]",,,,"[""Decent range and disjointed for a poke"", ""+1F extra recovery frame (14F) on whiff"", ""Topmost hurtboxes on frames 1-9 are vulnerable only to airborne attacks (this is to discourage its use as an anti-air)""]",,normal,D,MP,,,,,8
Crouch HP,d+HP,2HP,d+H / Auto H,,,11,3(5)5,18,41,1,5,-3,14,10,,,-21(-17),8(-6),4(-10),900 (450*450),,,29 (30 Stance),,,32 total,28 total,5*9,0*1,0*0,1*1,8000 (4000*4000),5000 (2500*2500),2000 (1000*1000),1000 (600*400),500 (300*200),700 (420*280),250 (150*100),H,"[""ss"", ""sp"", ""su""]",,,,"[""Forces stand"", ""Only cancelable on the second hit"", ""Solid anti-air on frames 12-13 and again on frames 21-23"", ""Cannot hit cross-up (behind Chun-Li)"", ""Carries over Counter-Hit / Punish Counter bonus frame advantage to both hits"", ""First hit puts airborne opponents into a limited juggle state (second hit air resets them, but can whiff in certain scenarios)"", ""Cancelable into Serenity Stream (Crouch Stance) with 11F start-up (much worse frame advantage noted in parantheses if you don't immediately do a follow-up from the stance)""]",,normal,D,HP,,,,,9
Crouch LK,d+LK,2LK,d+L,,,4,2,10,15,0,4,-2,2,0,,,-10(-8),-3,-4,200,,20% Start,12,,,12,10,9,,,,2000,500,250,300,150,210,75,L,"[""ch"", ""ss"", ""sp"", ""su""]",,,,"[""Special cancelable (unlike most other crouch LKs)"", ""Chains into stand LP / crouch LP / crouch LK"", ""Incurs 20% damage scaling penalty if used as the first hit of a combo""]",,normal,D,LK,,,,,10
Crouch MK,d+MK,2MK,d+M,,,7,3,19,28,-2,2,-6,8,4,,,-20(-18,5,2,500,,20% Start,13,,,20,16,9,,,,4000,2000,1000,500,250,350,125,L,"[""ss"", ""sp"", ""su""]",,,,"[""Good start-up and range low poke and combo tool"", ""Incurs a 20% damage scaling penalty if used as the first hit of a combo""]",,normal,D,MK,,,,,11
Crouch HK,d+HK,2HK,df+H,,,9,6,19(21),33(35),KD +40,HKD +48,-9,,,,,-25(-20),KD ~ (notes),-11(-21),900,,,29 (Stance),,,,18,13,,,,10000,4000,3000,1000,500,700,250,L,"[""ss""]",,,,"[""+2F extra recovery frames (21F) on block"", ""Cancelable into Serenity Stream (Crouch Stance) with 23F start-up (much worse frame advantage noted in parantheses if you don't immediately do a follow-up from the stance)"", ""Knockdown advantage when canceling into Serenity Stream (Crouch Stance) depends on what Chun-Li does afterwards: Remain in Crouch Stance: +36 KD | Exiting stance manually early (inputting QCB+P again): +13 KD (+17 KD if you cancel the stance exit early into other moves) | -8 KD (punishable) if Chun-Li doesn't remain in Crouch Stance or exit it manually early (inputting QCB+P again)"", ""Has more active frames than most sweeps (can be as safe as -4 with meaty timing)""]",,normal,D,HK,,,,,12
Jump LP,u+LP,8LP,u+L,,,4,10,~,~,4~9,8~13,0~5,,,,,,,,300,,,,,,13,10,9,,,,2000,1500,500,300,150,210,75,M,-,true,,,"[""Can be used as a fuzzy instant Overhead against tall characters (DJ / JP / Marisa / Zangief) after a deep jump-in Medium / Heavy""]",,normal,U,LP,,,,,13
Jump MP,u+MP,8MP,u+M,,,7,4(6)5,~,~,7~13 (KD),11~17 (KD),3~9,,,,,,,,600 (300*300),,,24*16 (34 total),,,15*17,13*13,8*10,1*2,1*3,1*1,2000*2000,1250,1000 (500*500),500 (250*250),125,350 (175*175),62,M,"[""sp"", ""su1""]",true,,,"[""Both hits put airborne opponents into a juggle state"", ""Cancelable into Air Legs or Level 1 air Super"", ""Shifts the normal jumping hurtbox upward during start-up (helps with avoiding some attacks)""]",,normal,U,MP,,,,,14
Jump HP,u+HP,8HP,u+Auto H,,,9,6,~,~,12~16 (KD),16~20 (KD),8~12,,,,,,,,800(500),,,,22,,20,15,12,10,10,1,5000,4000,2000,1000,500,700,250,M,"[""tc""]",true,,,"[""Puts airborne opponents into a juggle state"", ""Deals 300 less damage (500) against airborne opponents)""]",,normal,U,HP,,,,,15
Jump LK,u+LK,8LK,u+Auto L,,,4,8,~,~,6~9,10~13,2~5,,,,,,,,300,,,,,,13,10,9,,,,2000,1500,500,300,150,210,75,M,-,true,,,,,normal,U,LK,,,,,16
Jump MK,u+MK,8MK,u+Auto M,,,6,5,~,~,7~13,11~17,3~9,,,,,,,,500,,,,,,17,13,11,,,,4000,2500,1000,500,250,350,125,M,-,true,,,"[""Cross-up"", ""Decent air-to-air""]",,normal,U,MK,,,,,17
Jump HK,ub or uf+HK,7 or 9HK,ub or uf+H,,,8,5,~,~,8~16,12~20,4~12,,,,,,,,800,,,,,,20,15,13,,,,5000,4000,2000,1000,500,700,250,M,-,true,,,"[""Shifts the normal jumping hurtbox upward during start-up (helps with avoiding some attacks)""]",,normal,UBorUF,HK,,,,,18
Neutral Jump HK,u+HK,8HK,u+H,Air Split Kicks,,8,7,~,~,11~16,15~20,7~12,,,,,,,,800,,,,,,20,15,13,0,0,1,5000,4000,2000,1000,500,700,250,M,-,true,,,"[""Hits on both sides of Chun-Li"", ""Decent air-to-air"", ""Shifts the normal jumping hurtbox upward during start-up (helps with avoiding some attacks)""]",,normal,U,HK,,,,,19
Wall Jump,uf during jump near wall,9 during jump near wall,uf during jump near wall,Wall Jump,,~,~,~,~,,,,,,,,,,,,,,,,,,,,,,,,,,,,,,,,true,,,"[""Forced Knockdown and Counter-Hit state for the entire duration of the jump"", ""Can be performed after any jump direction as long as the wall is in range""]",,movement-special,UF,,,true,,Movement,
Yoso Kick,d+MK during jump,2MK (air),d+M (air),Air Stomps,,3+6+6 {3},11,~,~,~ (KD),~ (KD),,,,,,-35(-26),,,1100 (300x2*400) {300},,15% Start,13*13*13,,,17*17*17,10*10*17,11*11*11,1*2*3,1*1*1,1*1*1,4000,1500x3 (4500),1000x3 (3000),1500 (500x3),750 (250x3),1050 (350x3),375 (125x3),H,"[""sp"", ""su"", ""tc""]",true,,,"[""Not an Overhead"", ""All 3 hits can cross-up"", ""Puts airborne opponents into a juggle state"", ""Cancelable into airborne Lighting Kicks and Level 1 Super"", ""Can be canceled into other air normals as well"", ""Forced Knockdown state after the bounce on Hit / Block"", ""First stomp incurs a 15% damage scaling when hit as the start of a combo""]",,normal,D,MK,,,,Command Normal,20
Soaring Eagle Punches,j+HP > j+HP,8HP > 8HP,u+Auto H > H,Air Target Combo,,9+16 {16},4,~,~,17~20 (KD),21~24 (KD),12~15,,,,,,,,1300 (800*500) {500},,,,,,24,19,10,10*20,10*1,1*1,5000,9000 (4000*5000),4000 (2000*2000),2000 (1000*1000),1000 (500*500),1400 (700*700),500 (250*250),M,-,true,,,"[""Puts airborne opponents into a juggle state"", ""Target combo can be performed on whiff"", ""Huge hitstun/blockstun against grounded opponents on the 2nd hit, allowing for unique follow-up combos / blockstring pressure that is normally impossible after a jump-in normal""]",,normal,N,HP,,,,Target Combo,21
Swift Thrust,b or f+MP,4 or 6MP,b or f+M,b or f+MP,,7,3,15,24,2,6,-3,8,3,,,-16(-14),5,1,600,,,15,,,20,15,11,,,,4000,3000,1500,500,250,350,125,H,"[""ss"", ""sp"", ""su""]",,,,"[""Fantastic poke / combo / buffer tool""]",,normal,BorF,MP,,,,Command Normal,22
Hakkei,b+HP,4HP,b+H,Palm Strike (EY!),,8,6,14,27,5,9,-1,15,9,,,-18(-14),9(-5),3(-11),800,,,19 (20 Stance),,,25,19,13,,,,10000,5000,2000,1000,500,700,250,H,"[""ss"", ""sp"", ""su""]",,,,"[""Short range combo / frametrap tool"", ""Cancelable into Serenity Stream (Crouch Stance) with 11F start-up (much worse frame advantage noted in parantheses if you don't immediately do a follow-up from the stance)""]",,normal,B,HP,,,,Command Normal,23
Water Lotus Fist,df+HP,3HP,~,Overhead,,21,3,15,38,2,6,-2,,,,,-16(-13),3(-5),-1(-9),800,,,18 (Stance),,,20,16,13,,,,5000,5000,2000,1000,500,700,250,M,"[""ss""]",,,,"[""Overhead"", ""Cancelable into Serenity Stream (Crouch Stance) with 16F start-up (much worse frame advantage noted in parantheses if you don't immediately do a follow-up from the stance)""]",,normal,DF,HP,,,,Command Normal,24
Yokusen Kick,f+HK,6HK,f+H,f+HK,,16,2,23,40,-1,KD +72,-4,,,,,-23(-22),2(-6),-1(-9),800,,,20 (Stance),,,24,21,13,1,0,0 (Crumple: -1),10000,5000,2000,1000,500,700,250,H,"[""ss""]",,,,"[""Airborne on frames 8-28 (Forced Knockdown state)"", ""Crushes low attacks on frames 6-28"", ""Causes a Crumple state on Punish Counter, which can lead to a grounded follow-up if canceled into Serenity Stream (Crouch Stance)"", ""Causes a spinning free juggle state on Punish Counter against airborne opponents"", ""Huge hitbox priority"", ""Cancelable into Serenity Stream (Crouch Stance) with 20F start-up (much worse frame advantage noted in parantheses if you don't immediately do a follow-up from the stance)"", ""There is a minor brief extended lower hurtbox on frame 15 of start-up (1F before active) that is strike invincible (less likely to counter-poke projectiles)""]",,normal,F,HK,,,,Command Normal,25
Falling Crane,df+HK,3HK,~,Flip Over,,37,2,13,51,7(8),11(12),3(4),,,,,-13(-12),,,800,,,,,,22,20,13,,,,10000,5000,2000,1000,500,700,250,M,-,true,,,"[""Overhead"", ""Airborne on frames 7-39 (Forced Knockdown state)"",""Can only hit cross-up (Chun-Li has to jump over the the opponent)"", ""Puts airborne opponents into a limited juggle state on hit"", ""1F better frame advantage listed in the parentheses refers to when hitting most crouching opponents (with the exception of taller characters like: DJ, JP, Marisa, Zangief)""]",,normal,DF,HK,,,,Command Normal,26
Serenity Stream,qcb+P,214P,qcb,Crouch Stance,,14(~),~,notes,~,~,~,~,,,,,,,,,,,,,,,,,,,,,,,,,,,,,,,,"[""Stance moves do not require charge for specials when canceling"", ""Remains in stance for as long as you hold any down direction"", ""Can block while in stance (but not while exiting the stance!) which causes Chun-Li to exit stance automatically (Chun-Li can immediately Drive Reversal after blocking while in stance)"", ""If Chun extends her Stance time by holding down it becomes impossible for her to block Overheads (since standing forces her to exit Stance first)"", ""Low profiles and projectile invincible on head hurtbox on frames 23-71 (this can be extended by holding down to maintain stance, but the low profile and projectile invincibility is lost immediately upon exiting stance)"", ""Chun-Li is in a Counter-Hit state while in stance (and also while entering / exiting stance)"", ""Crouching state while in stance (crouching state starts at frame 14 of start-up and remains crouching until the last 14F recovery when exiting stance)"", ""The 14F start-up listed refers to how long it takes for Chun-Li to enter Crouch Stance when performed raw or when canceled into from Light / Medium normals (however Chun-Li can start blocking 1F earlier after just 13F of start-up)"", ""How long it takes to enter Crouch Stance also further varies depending on which Heavy normal was canceled from (see notes on said Heavy normals)"", ""Heavy normals canceled into Crouch Stance have much more negative frame advantage if they are not immediately followed up with a stance normal (this is shown in the stance cancel framedata of each respective Heavy normal)"",  ""How long it takes to exit Crouch Stance depends on which move Chun-Li used from the stance (see notes on the follow-up moves)"", ""Can also manually cancel the Crouch Stance early by doing the QCB+P input again (before inputting any follow-up): 23F recovery (but this recovery can be canceled into other moves after only 18F)"", ""Letting go of any down direction and exiting stance: 18F recovery"", ""The most convoluted move Hatson has ever had to do framedata and notes for""]",,special,QCB,1P,,true,,,27
Orchid Palm,qcb+P > LP,214P > LP,qcb > L,Stance > Jab,,5,5,16(36),25(45),-2(-22),2(-18),-3(-23),6,5,,,-37,,,500,,,15,,,19,18,9,,,,2000,1500,500,300,150,210,75,H,"[""sp"", ""su""]",,true,,"[""Low profiles slightly on frames 1-25 (the entire duration of the move)"", ""Remains in Crouch Stance if you continue holding down"", ""Framedata listed in parentheses (X) is if you exit stance (stop holding down) after performing the move (it is recommended that you either remain in Crouch Stance (hold any down direction) or cancel this move into something (your cancels require no charge while in Crouch Stance)"", ""Stance moves do not require charge for specials when canceling"", ""Takes 20F to exit stance directly after using this move (Chun-Li can block for the first 2F before entering the 18F exit animation)"", ""Perfect Parry forces Chun-Li to exit the stance and puts her in a Punish Counter state for the entire stance exit animation (2F less total recovery)""]",,normal,N,LP,,,,Stance Attack,28
Snake Strike,qcb+P > MP,214P > MP,qcb > M,Stance >  Slide,,7,11,19(32),36(49),KD +34(+21),KD +34(+21),-14(-27),,,,,-41(-31),,,750,,,,,,,16,11,0,1,1,4000,3000,2000,300,150,210,75,L,-,,true,,"[""Low hitting slide"", ""Projectile invincible on upper body / Low Profile on frames 1-36 (the entire duration of the move) - but only frames 1-31 if you exit stance afterwards"", ""Low profiles on frames 8-21"", ""Remains in Crouch Stance if you continue holding down"", ""Framedata and KDA listed in parentheses (X) is if you exit stance (stop holding down) after performing the move (it is recommended that you remain in Crouch Stance by holding any down direction)"", ""Takes 18F to exit stance after using this move"", ""1F worse advantage on Perfect Parry if Chun-Li continues to hold crouch""]",,normal,N,MP,,,,Stance Attack,29
Lotus Fist,qcb+P > HP,214P > HP,qcb > H,Stance > Overhead,,23,2(6)2,19,51,2,6,-3,13,8,,,-19,,,900 (400*500),,,27,,,31 total,26 total,4*12,,,,6000 (3000*3000),5000 (2500*2500),2000 (1000*1000),600 (300*300),300 (150*150),420 (210*210),150 (75*75),M*H,"[""sp"", ""su""]",,true,,"[""Overhead on first hit only, unless the first hit whiffs, then the second hit is an Overhead as well (but if the first hit connects, then the second hit can be blocked high or low)"", ""Low profiles on frames 1-2 (can be used to frame perfect dodge Drive Impacts)"", ""No head hurtbox on frames 29-42"", ""Crouch state on first 5F of start-up"", ""Exits Crouch Stance"", ""Fully cancelable (rare property for an Overhead)"", ""Stance moves do not require charge for specials when canceling""]",,normal,N,HP,,,,Stance Attack,30
Forward Strike,qcb+P > LK,214P > LK,qcb > d+L,Stance > Low Poke,,8,5,13(36),25(48),0(-23),4(-19),-4(-27),8,4,,,-34,,,500,,,15,,,18,14,9,,,,2000,1500,500,300,150,210,75,L,"[""sp"", ""su""]",,true,,"[""Remains in Crouch Stance if you continue holding down"", ""Framedata listed in parentheses (X) is if you exit stance (stop holding down) after performing the move (it is recommended that you either remain in Crouch Stance (hold any down direction) or cancel this move into something (your cancels require no charge while in Crouch Stance)"", ""Stance moves do not require charge for specials when canceling"", ""Takes 23F to exit stance directly after using this move (Chun-Li can block for the first 5F before entering the 18F exit animation)"", ""Perfect Parry forces Chun-Li to exit the stance and puts her in a Punish Counter state for the entire stance exit animation (5F less total recovery)""]",,normal,N,LK,,,,Stance Attack,31
Senpu Kick,qcb+P > MK,214P > MK,qcb > d+M,Stance > Sweep,,10,5,22(46),36(60),-3(-27),1(-23),-7(-31),11,5,,,-43,,,800,,,18,,,24,18,11,5,1,1,4000,3000,2000,1000,500,700,250,L,"[""sp"", ""su""]",,true,,"[""Remains in Crouch Stance if you continue holding down"", ""Framedata listed in parentheses (X) is if you exit stance (stop holding down) after performing the move (it is recommended that you either remain in Crouch Stance (hold any down direction) or cancel this move into something (your cancels require no charge while in Crouch Stance)"", ""Puts airborne opponents into a limited juggle state"", ""Stance moves do not require charge for specials when canceling"", ""Takes 24F to exit stance directly after using this move (Chun-Li can block for the first 6F before entering the 18F exit animation)"", ""Perfect Parry forces Chun-Li to exit the stance and puts her in a Punish Counter state for the entire stance exit animation (6F less total recovery)""]",,normal,N,MK,,,,Stance Attack,32
Tenku Kick,qcb+P > HK,214P > HK,qcb > d+H,Stance > Launcher,,8,5,24,36,KD +41,KD +41,-9,,,,,-27(-23),,,700,,,30 (Jump),,,,20,11,0,1,1,10000,5000,2000,300,150,210,75,H,"[""j""]",,true,,"[""Jump cancelable on HIT only"", ""Exits Crouch Stance"", ""Crouching state during first 6F of start-up"", ""Launches the opponent high into the air on hit""]",,normal,N,HK,,,,Stance Attack,33
Koshuto,LP+LK,LPLK,L+M,Throw,,5,3,23,30,KD +11,HKD +11,~,,,,,,,,1200(2040),,20% Immediate,,,,,,,,,,(10000),,2000,2000(4000),,1400(2800),,T,-,,,,"[""Pseudo-Throw Loop: Frame-perfect walk forward throw beats 6F attacks on wake-up (corner only) - Beats 4F attacks (real throw loop) against wider characters like Blanka / Honda / Marisa / Zangief"", ""Gets +70% damage increase (2040 damage), HKD (denies back-roll option on wake-up), and depletes 1 bar of Drive Gauge on a Punish Counter""]",,throw,N,LPLK,,,,Normal Throw,34
Taiji Fan,b+LP+LK,4LPLK,b+L+M,Back Throw,,5,3,23,30,KD +13,HKD +13,~,,,,,,,,1200(2040),,20% Immediate,,,,,,,,,,(10000),,2000,2000(4000),,1400(2800),,T,-,,,,"[""Back Throw oki when cornered: Can walk up for a pseudo strike/throw loop or just Drive Rush in for a real strike/throw mix"", ""Gets +70% damage increase (2040 damage), HKD (denies back-roll option on wake-up), and depletes 1 bar of Drive Gauge on a Punish Counter""]",,throw,B,LPLK,,,,Normal Throw,35
Ryuseiraku,LP+LK (air),LPLK (air),L+M (air),Air Throw,,5,3,~,~,KD +10,HKD +10,~,,,,,,,,1200(2040),,,,,,,,,,,,(10000),,2000,2000(4000),,1400(2800),,T,-,true,,,"[""Can Drive Rush into meaty strike after throwing opponent into the corner"", ""Gets +70% damage increase (2040 damage), HKD (denies back-roll option on wake-up), and depletes 1 bar of Drive Gauge on a Punish Counter"", ""The return of SFV Cammy air throw animation""]",,throw,N,LPLK,,,,Normal Throw,36
Drive Impact: Hosen Kick,HP+HK,HPHK,DI,Drive Impact,,26,2,35,62,KD (notes),Crumple +104,-3,,,,,-35,,,800,200,20% Start,,,,,34,25,0,1,0 (Crumple: -1),10000(15000),5000,-10000,(3000),,(2100),,H,-,,,,"[""2 hits of armor on frames 1-27"", ""Damages opponents Drive Gauge on Block (1/2 bar) | Hit (1 bar) | Counter-Hit (1.25 bar) | Punish Counter (1.5 bar)"", ""Knocks down on hit"", ""Crumples on Punish Counter or after absorbing at least 1 attack during start-up (+21 frames before the crumple state goes airborne, followed by airborne state on frames 22-46 before they are grounded) which counts as 2 hits of damage scaling"", ""If the armor absorbs an attack it slows the overall start-up by 1F (27F total instead of 26F)"", ""Pushes the opponent far back on hit or block and causes a wall splat if they hit the wall"", ""Wall Splat on block adds 20% damage penalty on the next hit"", ""Wall splats on hit or during Burnout counts as 2 hits of damage scaling"", ""Wall Splat puts opponent into a special juggle state where the next move juggles them even if it doesn't normally (similar juggle rules as from Drive Rush)"", ""Does not cause wall splat if combo'd into from other moves or unblockable setups (Lock)"", ""Puts airborne opponents into a long spinning free juggle state when hit as a Punish Counter"", ""Regular KDA without a Wall Splat: +35 KD"", ""Corner wall splat on HIT: +65 KD | Block: +72 HKD"", ""KDA can vary greatly depending on how high the opponent wall splats (higher KDA the higher they wall splat)"", ""Can clash with other Drive Impacts if they collide on the same active frame (start at exactly the same time)"", ""Costs 1 bar of Drive Gauge"", ""The scrub killer""]",,drive,N,HPHK,,,,,37
Drive Reversal: Hoyoku Kick,f+HP+HK,6HPHK,f+DI,Drive Reversal,,20(18),3,26,48(46),KD +23,KD +23,-6,,,,,-27,,,500,125,,,,,,34 total,4*16,1,100,200,,,-20000,,,,,H,-,,,,"[""Fully invincible on frames 1-22 (frames 1-20 when used on wake-up as a Reversal)"", ""Armor Break on first hit (blows through all armor like Drive Impact)"", ""Can be performed during blockstun or from a successful parry (trying to Drive Reversal after the blockstun is over will result in a Drive Impact)"", ""Can also be performed during wake-up as a Reversal, doing it this way speeds up the start-up frames by 2 frames (18F start-up instead of 20F)"", ""Drive Reversal immediately removes the current blockstun you're in and starts the attack"", ""Causes a 4F screen freeze that occurs after the 6th start-up frame, which can mess up the opponents input timing, or enable them to do a simple input OS to counter the Drive Reversal"", ""Safe on block (-2) when used against an opponent currently in Burnout"", ""Costs 2 bars of Drive Gauge""]",,drive,F,HPHK,,,,,38
Drive Parry,MP+MK,MPMK,DP,Drive Parry,,1,12(2),33(1)notes,45(3),~,~,~,,,,,,,,,,50% Multiplier (Perfect),,,,,,,,,,,,-5000*250~,,,,,,-,,,,"[""Parries all strikes and projectiles (high and low) from frame 1"", ""12F parry window (can hold the parry to extend the parry window)"", ""Perfect Parry occurs on the first 2 active frames (cannot achieve Perfect Parry if you buffer into parry by holding it during Reversal windows; Perfect Parries have to be timed properly)"", ""Can still hold charge directions during Parry"", ""Can block during the recovery frames of a regular parry (can still get hit during the recovery frames if you don't block correctly)"", ""Getting thrown or hit at any point during the recovery frames of a whiffed parry attempt results in a Punish Counter"", ""Successfully parrying a move puts you into the same amount of blockstun as that move would regularly do on block (but a Perfect Parry has only 1F of recovery)"", ""Throw invincible during the recovery of a successful parry (just like during blockstun)"", ""Perfect Parrying a strike has only 1F of recovery and disables the opponent from canceling their attack (basically a guaranteed punish opportunity)"", ""After a successful Perfect Parry, you suffer a 50% penalty to your Damage, Drive Gauge Generation, and Drive Gauge Damage on any of your following attacks when punishing the opponent (in addition, both you and the opponent suffer a 20% penalty to their Super Meter gain during this period)"", ""Fully invincible for 6F after a successful Perfect Parry against a strike, during which period you can cancel into anything you want and it carries over the brief invincibility frames"", ""Perfect Parrying projectiles puts you into fixed 10 frames of recovery and applies the same 50% scaling penalties (and 20% Super Meter penalty) on your following attacks when punishing the opponent"", ""Parrying a Strike and Projectile on the same frame will result in a regular parry for the strike attack (effectively ignoring the projectile's hitstop / blockstun)"", ""Perfect Parrying a Strike and Projectile on the same frame will give a screen freeze like you Perfect Parried a Strike, but still give you 10F recovery as if you had Perfect Parried a Projectile"", ""Can cancel into Drive Rush during active frames 3 and onward (fastest Drive Rush method is to buffer a forward input before doing parry + forward again)"", ""Can cancel into Drive Reversal from a successful parry (just like you can normally during blockstun)"", ""Costs 1/2 bar Drive Gauge (continues to deplete Drive Gauge as you hold the Parry)"", ""You lose the parry if you go into Burnout from the Drive Gauge cost"", ""Rewards 1 bar Drive Gauge (1/2 bar total after factoring in the initial parry cost) for successfully parrying a strike"", ""Rewards 1/2 bar of Drive Gauge (0 bar total after factoring in the initial parry cost) for successfully parrying a projectile"", ""Rewards 2 bars of Drive Gauge (1.5 bars total after factoring in the initial parry cost) for successful parrying a Drive Impact"", ""Successfully parrying a strike attack splits the regular block pushback between both players (while Perfect Parrying a strike removes all of its pushback)"", ""Successfully parrying a projectile or Drive Impact reduces the pushback of it by half (while Perfect Parrying a projectile or Drive Impact removes all of its pushback)"", ""Your hurtbox and throw box expand slightly towards the opponent for the entire duration of the Parry (Throw box extension starts instantly on frame 1, while the Hurtbox extension starts on frame 3, after the initial 2F Perfect Parry window)"", ""Parrying while crouching maintains a regular crouch hurtbox for the first 2 frames of the parry (during the initial Perfect Parry window)""]",,drive,N,MPMK,,true,,,39
Drive Rush,"MP+MK / f,f (cancel)",MPMK / 66 (cancel),"DP / f,f (cancel)",Drive Rush,,9(11),45(46),24(23),24(23),~,~,~,,,,,,,,,,15% Multiplier (Mid-Combo),,,,,,,,,,,,-10000(-30000),,,,,,-,,,,"[""Dashes forward and enhances the next normal used out of the Drive Rush with +4 extra hitstun / blockstun (some moves also get unique properties enhanced such as juggle state)"", ""The +4 bonus frame advantage gained from a Drive Rush enhanced move also stacks with any bonus frame advantage that move may have gained from Counter-Hit or Punish Counter"", ""Cancelable into from special cancelable grounded normals"", ""Drive Rush maintains buffers (freezes the buffer window) during it start-up and freeze frames - This allows players to do things normally not possible within the normal buffer windows, such as Drive Rushing into a charge special"", ""The initial screen freeze eats the opponent's directional inputs (including Jumps) but does not prevent attacks from being buffered immediately afterward (this can cause inputs to be combined in unintended ways, such as 2MK + Fireball performing a raw Fireball)"", ""Framedata shown in parentheses refers to the Drive Rush version used from a Parry"", ""Drive Rush recovery frames is only 24F total (23F if done from a Parry) - but the enhanced dash itself is 46F total (45F if done from Parry) and you can cancel it as early as frame 9 (frame 11 if done from a Parry)"", ""You stop building any form of Drive Gauge on your attacks after using a Drive Rush in the MIDDLE of a combo (but you still continue to build drive gauge as normal if you did Drive Rush at the START of a combo)"", ""Applies extra damage scaling penalty after using a Drive Rush in the MIDDLE of a combo (no damage scaling if you use Drive Rush at the START of a combo)"", ""Costs 3 bars of Drive Gauge if canceled into from a move"", ""Costs 1/2 bar of Drive Gauge if canceled into from Parry (for a total of 1 bar of Drive Gauge when you factor in the initial 1/2 bar cost of the Parry)""]",,drive,"F, F",,,true,,,40
Taunt,PPP+KKK,5PPPKKK,LMH+SP+DP+Auto,Taunt,,35,2,70,106,-58,KD +35,-65,,,,,-70,,,300,,,,,,14,7,9 (PC: 25),,,,5000,600,300,300,150,210,75,H,-,,,,"[""Neutral Taunt actually has a hit attached to it that does 300 damage and is -58 / -65 on Hit / Block"", ""Causes a crumple-like state on Punish Counter""]",,taunt,N,3P3K,,,,,41
LP Kikoken,"b,f+LP",46LP,"b,f+L",LP Fireball,,15,90,32,47,-3,1,-7,,,,,-22,,,600,150,,4,,,30,26,8,0,1,1,3000,2500,1000,600,300,420,150,H,"[""su3""]",,,true,"[""1-hit projectile"", ""Projectile Speed: 0.037"", ""Travels around 90% screen length"", ""Projectile lasts 90f"", ""Takes 50 frames to charge (holds charge for 10F after leaving charge)"", ""Does not require charge if canceled into from Stance moves""]",,special,F,LP,B,,,Special,42
MP Kikoken,"b,f+MP",46MP,"b,f+M",MP Fireball,,12,55,33,45,-3,1,-7,,,,,-23,,,600,150,,4,,,31,27,8,0,1,1,3000,2500,1000,600,300,420,150,H,"[""su3""]",,,true,"[""1-hit projectile"", ""Projectile Speed: 0.05"", ""Travels around 80% screen length"", ""Projectile lasts 55f"", ""Takes 50 frames to charge (holds charge for 10F after leaving charge)"", ""Does not require charge if canceled into from Stance moves""]",,special,F,MP,B,,,,43
HP Kikoken,"b,f+HP",46HP,"b+SP / b,f+H",HP Fireball,,11,25,32,43,-2,2,-6,,,,,-22,,,600,150,,4,,,31,27,8,0,1,1,3000,2500,1000,600,300,420,150,H,"[""su3""]",,,true,"[""1-hit projectile"", ""Projectile Speed: 0.07"", ""Travels around 60% screen length"", ""Projectile lasts 25f"", ""Takes 50 frames to charge (holds charge for 10F after leaving charge)"", ""Does not require charge if canceled into from Stance moves""]",,special,F,HP,B,,,,44
OD Kikoken,"b,f+PP",46PP,"b+Auto SP / b,f+AA",OD Fireball,,11,~,28,39,5,9,0,,,,,-7,,,800 (400*400),200 (100*100),20% Start,11,,,34 total,29 total,8*8,0*6,1*2,1,5000 (2500*2500),2500 (1250*1250),-20000,450 (200*250),225 (100*125),315 (140*175),112 (50*62),H,"[""su2"", ""su3""]",,,true,"[""2-hit OD projectile"", ""Projectile Speed: 0.095"", ""Travels full screen"", ""Projectile lasts 29f"", ""Takes 45 frames to charge (holds charge for 10F after leaving charge)"", ""Does not require charge if canceled into from Stance moves"", ""Incurs a 20% damage scaling penalty if used as the first hit of a combo""]",,special,F,2P,B,,,,45
LK Hundred Lightning Kicks,qcf+LK,236LK,SP / qcf+L,LK Legs,,5,2(5)2(5)2,20,40,3,KD +44,-8,,,,,-20,,,800 (250x2*300),200 (62x2*76),20% Start,19,,,39 total,28 total,3*3*6,1*1*1,0*0*1,0 (1 vs air),5000,3000 (1000x3),2000 (666x2*668),800 (250x2*300),400 (125x2*150),560 (175x2*210),199 (62x2*75),H,"[""su3""]",,,,"[""3 hits"", ""Carries over Counter-Hit bonus frame advantage to all hits"", ""Puts airborne opponents into a limited juggle state on hit"", ""Puts grounded opponents into a free juggle state knockdown on Punish Counter (can follow-up with a jab air reset pressure in the corner)"", ""Very fast start-up and good range makes this a great punish tool for things otherwise not in range of Chun-Li's light attacks""]",,special,QCF,LK,,,,Special,46
MK Hundred Lightning Kicks,qcf+MK,236MK,qcf+M,MK Legs,,12,2(4)2(4)2(5)2,22,54,3,7,-8,,,,,-22,,,900 (225x4),225 (56x3*57),,24,,,46 total,35 total,3x3*6,1x4,0x3*1,0x3*1,5000,4000 (1000x4),2000 (500x4),800 (200x4),400 (100x4),560 (140x4),200 (50x4),H,"[""su3""]",,,,"[""4 hits"", ""Carries over Counter-Hit / Punish Counter bonus frame advantage to all hits"", ""Puts airborne opponents into a limited juggle state on hit""]",,special,QCF,MK,,,,,47
HK Hundred Lightning Kicks,qcf+HK,236HK,qcf+M,HK Legs,,23,2(3)2(2)2(4)2(6)2,15,62,KD +50,KD +50,-3,,,,,-15,,,1000 (200x5),250 (50x5),,30,,,,37 total,3x4*10,1x5,0x4*1,0x4*1,5000,4000 (800x5),2000 (400x5),800 (160x5),400 (80x5),560 (112x5),200 (40x5),H,"[""su3""]",,,,"[""5 hits"", ""Puts the opponent into a limited juggle state on hit""]",,special,QCF,HK,,,,,48
OD Hundred Lightning Kicks,qcf+KK,236KK,Auto SP / qcf+AA,OD Legs,,8,2(4)2(4)2(4)2(4)2,21,54,3,Crumple +73,-3,,,,,-20,,,1000 (200x5),250 (50x5),20% Start,41 Su / 43 follow-up,,,50 total,44 total,2x4*6,1x5,0x4*1,0x4*1 (Crumple: -1 / PC air: 0),5000,4000 (800x5),-20000,800 (160x5),400 (80x5),560 (112x5),200 (40x5),H,"[""su2"", ""su3""]",,,,"[""5 hits"", ""Carries over Counter-Hit bonus frame advantage to all hits"", ""Can be followed up on hit / block with an extension by pressing 2 kick buttons (KK) again"", ""Puts the opponent into a Crumple state on a grounded Punish Counter that leads to all sorts of combo extensions (+11 before opponent becomes airborne, followed by airborne juggle frames)"", ""Puts airborne opponents into a limited juggle state (free juggle state on airborne Punish Counter)""]",,special,QCF,2K,,,,,49
Lightning Kick Barrage,qcf+KK > KK,236KK > KK,Auto SP / qcf+AA > SP,OD Legs follow-up,,10,2(5)2(4)2(5)2(13)3,25,73,KD +29,KD +29,-13,,,,,,,,1560 (200x5*80x4*240),425 (50x5*25x4*75),,,,,,50,2x4*10,5x1*6x2,4x0*1*5x0*10,4x0*1*5x0*1,,5000 (1000x5),,500 (100x5),250 (50x5),350 (70x5),125 (25x5),H,-,,,,"[""10 hits total"", ""Follow-up is only possible on hit / block""]",,special,N,2K,,,,Special,50
LK Aerial Hundred Lightning Kicks,qcf+LK(air),236LK(air),SP / qcf+L (air),LK Legs (air),,8,2(4)2(4)2,15(18),~,-4(1),0(5),-7(-2),,,,,-24(-16),,,900 (300x3),,20% Start,,,,20 each,17 each,3*3*4,10*10*11,1*1*1,0*0*0,5000,2000 (1000*1000),2000 (666x2*668),800 (250x2*300),275 (125*150),560 (175x2*210),137 (62*75),H,-,true,,,"[""3 hits"", ""Only possible during neutral or forward jump"", ""Whiffs on crouching"", ""Crouching state during the entire landing recovery frames"", ""Recovery frames listed refers to the landing recovery frames (not including the variable air time)"", ""+3F extra landing recovery frames (18F) on whiff"", ""Puts airborne opponents into a limited juggle state on hit"", ""Forced Knockdown state while airborne"", ""Incurs a 20% damage scaling penalty if used as the first hit of a combo""]",,special,QCF,LK,,,,Special,51
MK Aerial Hundred Lightning Kicks,qcf+MK(air),236MK(air),qcf+M (air),MK Legs (air),,10,2(4)2(4)2(5)2,15(18),~,-4(1),0(5),-8(-3),,,,,-25(-17),,,1000 (250x4),,20% Start,,,,22 each,18 each,3x3*4,3x10*11,4x1,0x4,5000,2000 (1000*1000),2000 (500x4),800 (200x4),200 (100x2),560 (140x4),100 (50x2),H,-,true,,,"[""4 hits"", ""Only possible during neutral or forward jump"", ""Whiffs on crouching"", ""Crouching state during the entire landing recovery frames"", ""Recovery frames listed refers to the landing recovery frames (not including the variable air time)"", ""+3F extra landing recovery frames (18F) on whiff"", ""Puts airborne opponents into a limited juggle state on hit"", ""Forced Knockdown state while airborne"", ""Incurs a 20% damage scaling penalty if used as the first hit of a combo""]",,special,QCF,MK,,,,,52
HK Aerial Hundred Lightning Kicks,qcf+HK(air),236HK(air),qcf+H (air),HK Legs (air),,12,2(4)2(3)2(4)2(3)2,15(18),~,-5(-2),0(2),-9(-6),,,,,-29(-24),,,1100 (220x5),,20% Start,,,,24 each,20 each,3x4*4,4x10*11,5x1,0x5,5000,1000,2000 (400x5),800 (160x5),80,560 (112x5),40,H,-,true,,,"[""5 hits"", ""Only possible during neutral or forward jump"", ""Whiffs on crouching"", ""Crouching state during the entire landing recovery frames"", ""Recovery frames listed refers to the landing recovery frames (not including the variable air time)"", ""+3F extra landing recovery frames (18F) on whiff"", ""Puts airborne opponents into a limited juggle state on hit"", ""Forced Knockdown state while airborne"", ""Incurs a 20% damage scaling penalty if used as the first hit of a combo""]",,special,QCF,HK,,,,,53
OD Aerial Hundred Lightning Kicks,qcf+KK(air),236KK(air),Auto SP / qcf+AA (air),OD Legs (air),,6,2(4)2(2)2(3)2(2)2(3)2,5(3),~,KD +47,KD +47,-26(-1),,,,,-40(-20),,,1600 (250x5*350),,,,,,,21 (7),1x5*10,5x10*11,6x1,0x5*1,5000,2668 (666x3*670),-20000,800 (100x5*300),300 (50x3*150),560 (70x5*210),150 (25x3*75),H,-,true,,,"[""6 hits"", ""Only possible during neutral or forward jump"", ""Can Tiger Knee motion this to do it closer to the ground (this also makes it only -1 on stand block)"", ""Whiffs on crouching"", ""Crouching state during the 5F landing recovery (only 3F landing recovery on HIT)"", ""Recovery frames listed refers to the landing recovery frames (not including the variable air time)"", ""Knockdown advantage listed on hit refers to when hitting a standing grounded opponent (with Tiger Knee motion input style) - the KDA varies greatly when hitting airborne opponents (usually even higher KDA then)"", ""Puts the opponent into a limited juggle state on hit"", ""Forced Knockdown state while airborne""]",,special,QCF,2K,,,,,54
LK Spinning Bird Kick,"d,u+LK",28LK,"d,u+L",LK Spinning Bird Kick,,9,2(6)2(6)2,6+24,56,KD +33,KD +33,-18,,,,,-30,,,1000 (333x2*334),251 (84x2*83),,,,,,30 total,2*2*4,1*1*1,0*0*1,0,5000,3000 (1000x3),2000 (666x2*668),1200 (400x3),600 (200x3),840 (280x3),300 (100x3),H,-,,,,"[""Takes 30 frames to charge"", ""Airborne on frames 8-32 (Forced Knockdown state)"", ""Does not require charge if canceled into from Stance moves""]",,special,U,LK,D,,,Special,55
MK Spinning Bird Kick,"d,u+MK",28MK,"d,u+M",MK Spinning Bird Kick,,16,2(6)2(6)2(7)2(4)2,8+21,77,KD +34,KD +34,-17,,,,,-28,,,1200 (200x4*400),275 (50x4*75),,,,,,45 total,2x4*4,5x1,4x0*1,0,5000,4000 (800x5),2000 (400x5),1200 (240x5),600 (120x5),840 (168x5),300 (60x5),H,-,,,,"[""Takes 30 frames to charge"", ""Airborne on frames 15-56 (Forced Knockdown state)"", ""Does not require charge if canceled into from Stance moves""]",,special,U,MK,D,,,,56
HK Spinning Bird Kick,"d,u+HK",28HK,"d,u+H",HK Spinning Bird Kick,,20,2(4)2(8)2(6)2(5)2(5)2(3)2,8+22,94,KD +33,KD +33,-18,,,,,-35,,,1400 (180x6*320),350 (45x6*80),,,,,,57 total,2x6*4,7x1,6x0*1,0,5000,4200 (600x7),2000 (285x6*290),1200 (150x6*300),600 (75x6*150),840 (105x6*210),297 (37x6*75),H,-,,,,"[""Takes 30 frames to charge"", ""Airborne on frames 18-72 (Forced Knockdown state)"", ""Does not require charge if canceled into from Stance moves""]",,special,U,HK,D,,,,57
OD Spinning Bird Kick,"d,u+KK",28KK,"d,u+AA",OD Spinning Bird Kick,,16,2(4)2(4)2(5)2(4)2(5)2(4)2,8+15,78,KD +55,KD +55,-12,,,,,-28,,,800 (100x6*200),350 (25x6*50),,,,,,51 total,2x6*8,7x5,6x0*1,6x0*1,5000,4200 (600x7),-20000,1200 (150x6*300),600 (75x6*150),840 (105x6*210),297 (37x6*75),H,-,,,,"[""Takes 30 frames to charge"", ""Airborne on frames 14-63 (Forced Knockdown state)"", ""Launches grounded opponent into a limited juggle state on hit"", ""Knocks down airborne opponents"", ""Does not require charge if canceled into from Stance moves""]",,special,U,2K,D,,,,58
LK Hazanshu,qcb+LK,214LK,~,LK Hazanshu,,23,2,21,45,0,4,-9,,,,,-21,,,1000,250,20% Start,16,,,23,14,13,1,1,1,4000,4000,2000,1200,600,840,300,M,"[""su3""]",,,,"[""Overhead"", ""Lower half of body is Projectile invincible on frames 7-18"", ""Airborne on frames 5-20 (Forced Knockdown state)"", ""Crouching state during recovery frames"", ""Incurs a 20% damage scaling penalty if used as the first hit of a combo""]",,special,QCB,LK,,,,Special,59
MK Hazanshu,qcb+MK,214MK,d+SP,MK Hazanshu,,27,3,16,45,2,6,-3,,,,,-17,,,1000,250,30% Start,17,,,21,16,13,1,1,1,5000,4000,2000,1200,600,840,300,M,"[""su3""]",,,,"[""Overhead"", ""Lower half of body is Projectile invincible on frames 7-21"", ""Airborne on frame 6-24 (Forced Knockdown state)"", ""Crouching state during recovery frames"", ""Incurs a 30% damage scaling penalty if used as the first hit of a combo""]",,special,QCB,MK,,,,,60
HK Hazanshu,qcb+HK,214HK,~,HK Hazanshu,,32,3,16(18),50(52),6,10,-1,,,,,-17,,,1200,250,20% Start,17,,,27,18,13,1,1,1,7000,4000,2000,1200,600,840,300,M,"[""su3""]",,,,"[""Overhead"", ""Lower half of body is Projectile invincible on frames 7-26"", ""Airborne on frame 6-29 (Forced Knockdown state)"", ""+2F extra recovery frames (18F) on whiff"", ""Crouching state during recovery frames"", ""Incurs a 20% damage scaling penalty if used as the first hit of a combo""]",,special,QCB,HK,,,,,61
OD Hazanshu,qcb+KK,214KK,d+Auto SP,OD Hazanshu,,26,3,16,44,KD +52 (OTG),KD +52 (OTG),-5,,,,,-17,,,1200,250,20% Start / Combo (2 hits),20,,,,14,16,1,1,0,5000,4000,-20000,1200,600,840,300,M,"[""su2"", ""su3""]",,,,"[""Overhead"", ""Lower half of body is Projectile invincible on frames 7-21 and then full body Projectile invincible on frames 22-28"", ""Airborne on frame 6-23 (Forced Knockdown state)"", ""Launches opponent into an free juggle OTG state on hit"", ""Crouching state during recovery frames"", ""Incurs a 20% damage scaling penalty if used as the first hit of a combo"", ""Counts as 2 hits of damage scaling when combo'd into""]",,special,QCB,2K,,,,,62
LK Tenshokyaku,"d,d+LK",22LK,"d,d+L",LK Upkicks,,5,3(9)2,27+12,57,KD +29,KD +29,-37,,,,,-51,,,900 (450*450),113,,,,,,16,3*8,1*1,0*10,1*10,5000,3000,2000 (1000*1000),1000 (500*500),250,700 (350*350),125,H,-,,,,"[""Invincible against airborne strikes on frames 1-10"", ""Airborne on frames 8-45 (Forced Knockdown state)"", ""Cannot hit cross-up (behind Chun-Li)"", ""Chun-Li is in a crouching state during the final recovery frame""]",,special,DD,LK,,,,Special,63
MK Tenshokyaku,"d,d+MK",22MK,"d,d+M",MK Upkicks,,7,3(9)2,31+12,63,KD +25,KD +25,-41,,,,,-55,,,1000 (450*550),113,,,,,,16,3*8,1*2,0*10,1*10,5000,3000,2000 (1000*1000),1000 (500*500),250,700 (350*350),125,H,-,,,,"[""Invincible against airborne strikes on frames 1-10"", ""Airborne on frames 8-51 (Forced Knockdown state)"", ""Cannot hit cross-up (behind Chun-Li)"", ""Chun-Li is in a crouching state during the final recovery frame""]",,special,DD,MK,,,,,64
HK Tenshokyaku,"d,d+HK",22HK,"f+SP / d,d+H",HK Upkicks,,9,3(7)2(8)2(11)2,26+12,81,KD +37,KD +37,-57,,,,,-71,,,1200 (200x3*400),50,,,,,,16,3x3*10,3x2*4,3x0*10,3x1*10,5000,3000,2000 (500x4),1000 (250x4),125,700 (175x4),62,H,-,,,,"[""Invincible against airborne strikes on frames 1-10"", ""Airborne on frames 8-69 (Forced Knockdown state)"", ""Cannot hit cross-up (behind Chun-Li)"", ""Chun-Li is in a crouching state during the final recovery frame""]",,special,DD,HK,,,,,65
OD Tenshokyaku,"d,d+KK",22KK,"f+Auto SP / d,d+AA",OD Upkicks,,6,3(5)3,16+25,57,KD +30,KD +30,-40,,,,,-50,,,1400 (180x5*500),45,,,,,,12,10 / 4x2*3x3*15,6x10,5x0*10,5x0*10,,3000,-20000,800 (200x6),100,840 (140x6),50,H,-,,,,"[""Fully invincible frames 1-7"", ""Airborne on frames 8-32 (Forced Knockdown state)"", ""Cannot hit cross-up (behind Chun-Li)"", ""Active and Recovery frames listed refers to the version that plays out on Block and Whiff (only does the follow-up attacks on hit)"", ""Chun-Li is in a crouching state during the final recovery frame""]",,special,DD,2K,,,,,66
Kikosho,"qcf,qcf+P",236236P,"SP+H or f+SP+H / qcf,qcf+L",Super Art Level 1,,7,70,46,122,KD +22,KD +22,-22,,,,,-35,,,1700 (300x4*500),500 (100x5),30% Minimum,,,,,66 total,9x4*10,99,4x1*99,1,5000 (1000x5),2500 (500x5),,-10000,-10000,,,H,-,,,,"[""Strike and Throw invincible on frames 1-7"", ""5-hit Super projectile"", ""Armor Break"", ""Depletes 0.5 Drive Bar on hit for the opponent"", ""Can hit cross-up (behind Chun-Li)"", ""Minimum damage scaling of 30%""]",,super,DQCF,1P,,,,Super,67
Aerial Kikosho,"qcf,qcf+P (air)",236236P (air),"SP+H / qcf,qcf+L (air)",Super Art Level 1 (air),,7,50,~(16),103,KD +14,KD +14,-20,,,,,~,,,2000 (300x4*800),500 (100x5),30% Minimum,,,,,72 total,9x5,99,4x1*99,1,5000 (1000x5),2500 (500x5),,-10000,-10000,,,H,-,true,,,"[""Strike and Throw invincible on frame 1 only (during screen freeze)"", ""5-hit Super projectile"", ""16F landing recovery frames (total recovery frames vary depending on how high from the ground the Super was performed)"", ""Armor Break"", ""Depletes 0.5 Drive Bar on hit for the opponent"", ""Can hit cross-up (behind Chun-Li)"", ""Minimum damage scaling of 30%""]",,super,DQCF,1P,,,,Super,68
Hoyoku-sen,"qcf,qcf+K",236236K,"b+SP+H / qcf,qcf+M",Super Art Level 2,,11,2(1)2(1)2(1)2(2)2(1)2(1)2(1)2(11)2(2)2(2)2(2)2(2)2(2)2(2)2(23)3,48,144,KD +29,KD +29,-35,,,,,-49,,,2000,750 (30x7*150*30x6*160*50),40% Minimum / 40% Start / Combo (3 hits),,,,,76(7)20,3x7*6*3x6*6*15,99,0,0,10000,5000,,-20000,-20000,,,H,"[""j""]",,,,"[""Fully invincible frames 1-12"", ""Last hit is jump cancelable by holding up (Chun-Li always jumps forward)"", ""Armor Break"", ""Depletes 1 Drive Bar on hit for the opponent"", ""Minimum damage scaling of 40%"", ""Launches the opponent into a free juggle state on hit (or maintains the current juggle state)"", ""Incurs a 40% damage scaling penalty if used as the first hit of a combo"", ""Counts as 3 hits of damage scaling when combo'd into"", ""30% penalty to Super meter gain on any of the follow-up hits she combos into after this move""]",,super,DQCF,1K,,,,Super,69
Soten Ranka,"qcb,qcb+K",214214K,"d+SP+H / qcb,qcb+H",Super Art Level 3,,8,2(24)1(7)1,40,82,HKD +6,HKD +6,-24,,,,,-39,,,4000,1000 (500*250x2),50% Minimum / 10% Immediate (special),,,,,51(25),6*3*8,99,,,15000,7500,,-30000,-30000,,,H,-,,,,"[""Fully invincible frames 1-9"", ""No cinematic if the first hit whiffs (the following 2 hits on whiff do 1000 damage together)"", ""Armor Break"", ""Depletes 1.5 Drive Bars on hit for the opponent"", ""Super cinematic time regenerates ~1.8 Drive Bars for Chun-Li"", ""Minimum damage scaling of 50%"", ""Incurs 10% damage scaling when canceled into from specials""]",,super,DQCB,1K,,,,Super,70
Soten Ranka (Critical Art),"qcb,qcb+K (CA)",214214K (CA),"d+SP+H / qcb,qcb+H (CA)",Critical Art,,8,2(24)1(7)1,40,82,HKD +18,HKD +18,-24,,,,,-39,,,4500,1250 (750*250x2),50% Minimum / 10% Immediate (special),,,,,51(25),6*3*8,99,,,20000,10000,,-30000,-30000,,,H,-,,,,"[""Fully invincible frames 1-9"", ""Critical Art does +500 damage over regular version"", ""No cinematic if the first hit whiffs (the following 2 hits on whiff do 1000 damage together)"", ""Armor Break"", ""Depletes 2 Drive Bars on hit for the opponent"", ""Super cinematic time regenerates ~2 Drive Bars for Chun-Li"", ""Minimum damage scaling of 50%"", ""Incurs 10% damage scaling when canceled into from specials""]",,super,DQCB,1K,,,,,71